paragraph_id,chapter,original_text,translated_text,prompt,subject,verb,object
1,16,"Một nhà kia có hai anh em, cha mẹ đều chết cả. Hai anh em chăm lo làm lụng, nên trong nhà cũng đủ ăn. Muốn cho vui cửa vui nhà, hai người cùng lấy vợ. Nhưng từ khi có vợ, người anh sinh ra lười biếng, bao nhiêu công việc khó nhọc, đều trút cả cho hai vợ chồng người em.","Two brothers lived in a rural house with a tiled roof. The older brother, fat and wearing a fine silk tunic, lay in a hammock fanning himself. In the background, under the harsh noon sun, the younger brother and his wife, dressed in faded brown peasant clothes, bent their backs planting rice in the muddy field.","Traditional Vietnamese painting style, a fat older brother in silk lying in a hammock while the younger brother and his wife work in a muddy rice paddy, hot sun, contrasting lives, 8k resolution, professional artwork.",Older brother,Lazing,In a hammock
2,16,"Hai vợ chồng người em thức khuya dậy sớm, lại cố gắng cày cấy, làm cỏ, bỏ phân, lúa tốt hơn trước, nên đến mùa, được bội thu. Thấy thế, người anh sợ em kể công chiếm lấy phần hơn, vội bàn với vợ cho hai vợ chồng người em ra ở riêng.","Harvest time came; the younger couple piled up high stacks of golden rice sheaves. The older brother stood watching them, his eyes narrowed, whispering to his wife. He pointed a finger strictly toward the village gate, signaling them to leave.","Traditional Vietnamese painting style, younger couple stacking golden rice sheaves in a field, the older brother standing nearby whispering to his wife and pointing towards the distance, sharp facial expressions, masterpiece quality.",Older brother,Ordering,The younger couple to leave
3,16,"Ra ở riêng với vợ, người em được người anh chia cho có một căn nhà tranh lụp xụp, trước nhà có một cây khế ngọt. Hai vợ chồng người em không phànàn một lời, hết vào rừng đốn củi đem ra chợ bán, lại đi gánh mướn, làm thuê.","The younger couple moved to a tiny hut with crumbling mud walls and a roof of dry straw. In the small earthen yard stood a large, old Starfruit tree. Every day, the husband carried heavy bundles of firewood on his shoulders from the forest, sweat dripping from his forehead.","Traditional Vietnamese painting style, a tiny thatched hut with a large green starfruit tree in the yard, the younger brother carrying heavy firewood on his shoulders, humble and hardworking scene, highly detailed, 8k resolution.",Younger brother,Carrying,Firewood
4,16,"Còn người anh có bao nhiêu ruộng nương đều cho làm rẽ, để ngồi không hưởng sung sướng với vợ. Thấy em không ca thán, người anh cho em là ngu si, lại càng lên mặt, không lui tới nhà em và cũng không để ý gì đến em nữa.","The older brother sat in his large brick house, eating a feast of meat and wine with his wife. When the younger brother walked past the gate, the older brother turned his back and slammed the wooden doors shut.","Traditional Vietnamese painting style, the older brother inside a large brick house feasting with his wife, slamming a heavy wooden door shut, proud expression, high contrast, professional artwork.",Older brother,Slamming,The door
5,16,"Những ngày sung sướng nhất của hai vợ chồng người em là những ngày khế chín. Quanh năm, hai vợ chồng đã chăm bón và bắt sâu, đuổi kiến cho cây khế, nên cây khế xanh mơn mởn, bóng rợp khắp mảnh vườn nhỏ bé, quả lúc lỉu cả ở những cành là sát mặt đất, trẻ lên ba cũng với tay được.","The Starfruit tree grew lush and green. Its branches hung low, touching the ground, heavy with clusters of ripe, yellow star-shaped fruits. Sunlight filtered through the leaves, creating a cool shade over the yard.","Traditional Vietnamese painting style, a lush green starfruit tree with clusters of bright yellow star-shaped fruits hanging low, dappled sunlight filtering through leaves, peaceful garden atmosphere, masterpiece quality.",Starfruit tree,Bearing,Ripe fruits
6,16,"Một buổi sáng, hai vợ chồng mang quang gánh và thúng bị ra gốc khế, định trèo lên hái quả đem ra chợ bán thì thấy trên ngọn cây rung động rất mạnh, như có người đang trèo. Hai vợ chồng nhìn lên thì thấy một con chim rất lớn đang ăn những quả khế chín vàng.","One morning, the couple brought bamboo baskets to the tree. Suddenly, the branches shook violently, leaves falling like rain. They looked up and saw a massive bird with feathers of gold and red perched on the top branch, eating the ripe fruits.","Traditional Vietnamese painting style, a massive phoenix-like bird with golden and red feathers perched on a starfruit tree, eating yellow fruits, leaves falling, a couple watching in awe from below, 8k resolution, professional artwork.",Giant bird,Eating,Starfruits
7,16,"Hai vợ chồng đứng dưới gốc cây xem chim ăn, đợi chim bay đi rồi mới trèo lên cây hái quả. Từ đấy, cứ mỗi buổi sáng tinh mơ, hai vợ chồng ra hái khế, thì đã lại thấy chim ở trên cây rồi. Thấy có người, chim vẫn cứ ăn, ung dung một lúc lâu, rồi mới vỗ cánh bay đi. Chim ăn ròng rã như thế ngót một tháng trời, cây khế vợi hẳn quả.","The couple stood frozen at the base of the tree. For a month, every morning at dawn, the giant bird returned to eat. The branches became bare, with only a few green fruits left. The couple looked at the empty tree with worried faces.","Traditional Vietnamese painting style, the giant bird returning at dawn to a starfruit tree with fewer fruits, the couple standing below with worried expressions, soft morning mist, highly detailed, masterpiece quality.",Giant bird,Returning,To the tree
8,16,"Một hôm, đứng đợi cho chim ăn xong, người vợ nói nửa bỡn nửa thật với chim: “Chim ơi, chim ăn như thế thì còn gì là khế của nhà tôi nữa! Cây khế nhà tôi cũng sắp hết quả rồi đấy, chim ạ!”. Chim bỗng nghển cổ, nheo mắt như cười, đáp lại: “Ăn một quả, trả cục vàng! May túi ba gang, đem đi mà đựng”.","The wife looked up and spoke to the bird, pointing at the empty branches. The giant bird stopped eating, tilted its head down, and opened its beak to speak: ""Eat one fruit, pay back a piece of gold. Sew a three-span bag to carry it.""","Traditional Vietnamese painting style, the giant bird looking down and speaking to the wife, its beak open, magical aura, the wife pointing at the tree, mythical and legendary atmosphere, 8k resolution.",Giant bird,Speaking,To the wife
9,16,"Chim nhắc đi nhắc lại câu ấy ba lần, rồi mới vỗ cánh bay đi. Hai vợ chồng thấy chim biết nói đã lấy làm lạ, lại thấy chim bảo mình như thế, nhắc lại cho mình đến ba lần, nghe rõ mồn một, nên càng suy nghĩ, phân vân.","The bird repeated the phrase three times, then spread its massive wings and flew into the clouds. The husband and wife looked at each other, mouths open, scratching their heads in confusion.","Traditional Vietnamese painting style, the giant bird spreading its huge wings and flying into white clouds, the couple standing below looking up in total shock, dynamic movement, professional artwork.",Giant bird,Flying away,Into the clouds
10,16,"Nhưng rồi hai vợ chồng cũng làm theo lời chim. Người vợ lấy vài vuông vải nâu may cho chồng một cái túi, ngang dọc đúng ba gang.","That night, under the dim light of an oil lamp, the wife cut a piece of coarse brown fabric. She measured exactly three hand-spans with her fingers and sewed a small bag.","Traditional Vietnamese painting style, a woman sewing a small brown bag by the light of an oil lamp, measuring with her hand spans, cozy and warm interior, earthy tones, masterpiece quality.",Wife,Sewing,Three-span bag
11,16,"Sáng hôm sau, hai vợ chồng vừa ăn xong thì thấy một luồng gió mạnh cuốn cả cát bụi trước sân nhà, rồi trong chớp mắt một con chim cực kỳ lớn hạ xuống giữa sân, quay đầu vào nhà kêu lên mấy tiếng như chào hỏi. Người chồng xách cái túi ba gang ra sân, chim nằm rạp xuống, quay cổ ra hiệu cho anh ngồi lên lưng mình.","The next morning, a strong wind kicked up dust in the yard. The giant bird landed, folding its wings. The husband, holding the small brown bag, stepped out. The bird lowered its body to the ground, turning its neck to signal him to climb on.","Traditional Vietnamese painting style, the giant bird landing in a dusty yard, the husband holding a small bag approaching the bird, the bird crouching down low, dramatic arrival, 8k resolution, professional artwork.",Giant bird,Crouching,In the yard
12,16,"Anh ngồi lên lưng chim, bám vào cổ chim thật chặt. Chim đứng dậy vươn cổ, vỗ cánh bay bổng lên trời xanh. Chim lúc bay cao, lẩn vào mây bạc; lúc bay thấp, là là trên rừng xanh, đồi núi trập trùng. Rồi chim bay ra biển cả mênh mông, sóng biếc cao ngất vật vào sườn những hòn đảo nhỏ, làm tung lên những bọt trắng xóa.","He sat on the bird's back, gripping its feathers tightly. The bird soared into the high blue sky, flying over green forests and rolling hills. Below them, white waves crashed against the rocky cliffs of small islands in the vast ocean.","Traditional Vietnamese painting style, wide shot of a man riding a giant bird over a vast blue ocean and green mountains, white sea foam, cinematic and epic scale, masterpiece quality.",Younger brother,Riding,The bird
13,16,"Anh ngồi trên lưng chim thấy biển tuyệt mù, không biết đâu là bờ… Thốt nhiên chim bay vào một hòn đảo toàn đá trắng, đá xanh, đá đỏ, đã ngũ sắc, phản chiếu ánh sáng rực rỡ, anh chưa từng thấy bao giờ. Chim bay một vòng thật rộng xung quanh đảo như muốn tìm một nơi hạ cánh... Chim từ từ hạ xuống.","They approached a mysterious island where the ground glittered with red, blue, and white gemstones reflecting the sunlight. No trees grew there. The bird circled and landed on the rocky surface.","Traditional Vietnamese painting style, a glittering island made of multi-colored gemstones, sparkling under the sun, the giant bird circling above, vibrant colors, 8k resolution, professional artwork.",Giant bird,Circling,Gemstone island
14,16,"Chim ra hiệu bảo anh vào hang, muốn lấy gì thì lấy. Ở ngay cửa hang, anh đã thấy toàn những thứ đá trong như thủy tinh và hổ phách đủ các màu; có thứ xanh như mắt mèo, có thứ đỏ ối như mặt trời, còn vàng bạc thì nhiều như sỏi đá. Thấy hang sâu và rộng, anh không dám vào sợ lạc. Anh nhặt một ít vàng và kim cương bỏ vào túi ba gang, rồi trèo lên lưng chim, ra hiệu cho chim bay về.","The bird pointed its beak toward a deep cave filled with gold nuggets and sparkling gems like pebbles. The husband stood at the entrance, hesitating to go deeper. He knelt down, picking up just enough gold to fill his three-span bag, then climbed back onto the bird.","Traditional Vietnamese painting style, the younger brother kneeling at the mouth of a cave filled with gold and jewels, filling a small brown bag, the giant bird waiting nearby, high contrast, masterpiece quality.",Younger brother,Picking up,Gold nuggets
15,16,"Chim tỏ vẻ vui mừng, gật gật cái đầu, vươn cổ kêu vài tiếng, rồi vỗ cánh bay lên trời xanh, bay qua biển, qua rừng, qua núi. Mặt trời mới vừa đứng bóng, chim đã hạ cánh xuống cái vườn nhỏ có cây khế ngọt. Người vợ thấy chồng về bình yên, mừng rỡ vô cùng, chạy ra vuốt lông chim, tỏ ý cảm ơn.","At noon, the bird landed back in the yard. The wife ran out, smiling widely. She stroked the bird's feathers gently while the husband showed her the bag full of gold.","Traditional Vietnamese painting style, the giant bird in a humble yard at noon, the wife joyfully stroking its feathers, the husband holding a bag of gold, bright and happy atmosphere, 8k resolution.",Wife,Stroking,Bird's feathers
16,16,"Tiếng đồn hai vợ chồng người em thốt nhiên giàu có bay đến tai hai vợ chồng người anh. Hai vợ chồng người anh vội vã đến chơi nhà em để dò xét. Nghe em thật thà kể chuyện, người anh gạ đổi hết tài sản của mình để lấy túp lều tranh và cây khế. Hai vợ chồng chỉ lo người em không chịu đổi, không ngờ người em vui vẻ ưng thuận ngay.","The older brother and his wife visited the hut. Seeing the gold, their eyes widened, hands shaking. The older brother pointed at the hut and the Starfruit tree, offering his deed to the mansion in exchange. The younger brother nodded, handing over the hut.","Traditional Vietnamese painting style, the older brother and his wife looking at a pile of gold with greedy eyes, pointing at the starfruit tree, the younger brother nodding in agreement, professional artwork.",Older brother,Negotiating,To exchange property
17,16,"Hai vợ chồng người anh mừng rỡ như mở cờ trong bụng, lập tức giao hết tài sản của mình cho em, và sáng hôm sau dọn ngay đến ở túp lều.","The older couple moved into the dilapidated hut the next morning. They sat under the Starfruit tree, holding a large empty bag, grinning and looking up at the sky, waiting.","Traditional Vietnamese painting style, the older brother and wife sitting under the starfruit tree with a very large empty bag, looking up at the sky with greedy smiles, high expectations, masterpiece quality.","Older brother,Wife (older)",Waiting,Under the tree
